HG00276.10x.short	CYP2C19
HG00276.10x.short	CYP2C8
HG00276.10x.short	CYP2C9
HG00276.10x.short	CYP2D6
HG00276.10x.short	CYP4F2
HG00276.10x.short	SLCO1B1
HG00276.10x.short	TPMT
HG00589.10x.short	CYP2C19
HG00589.10x.short	CYP2C8
HG00589.10x.short	CYP2C9
HG00589.10x.short	CYP2D6
HG00589.10x.short	CYP4F2
HG00589.10x.short	SLCO1B1
HG00589.10x.short	TPMT
HG01190.10x.short	CYP2C19
HG01190.10x.short	CYP2C8
HG01190.10x.short	CYP2C9
HG01190.10x.short	CYP2D6
HG01190.10x.short	CYP4F2
HG01190.10x.short	SLCO1B1
HG01190.10x.short	TPMT
NA06991.10x.short	CYP2C19
NA06991.10x.short	CYP2C8
NA06991.10x.short	CYP2C9
NA06991.10x.short	CYP2D6
NA06991.10x.short	CYP4F2
NA06991.10x.short	SLCO1B1
NA06991.10x.short	TPMT
NA07000.10x.short	CYP2C19
NA07000.10x.short	CYP2C8
NA07000.10x.short	CYP2C9
NA07000.10x.short	CYP2D6
NA07000.10x.short	CYP4F2
NA07000.10x.short	SLCO1B1
NA07000.10x.short	TPMT
NA07019.10x.short	CYP2C19
NA07019.10x.short	CYP2C8
NA07019.10x.short	CYP2C9
NA07019.10x.short	CYP2D6
NA07019.10x.short	CYP4F2
NA07019.10x.short	SLCO1B1
NA07019.10x.short	TPMT
NA07029.10x.short	CYP2C19
NA07029.10x.short	CYP2C8
NA07029.10x.short	CYP2C9
NA07029.10x.short	CYP2D6
NA07029.10x.short	CYP4F2
NA07029.10x.short	SLCO1B1
NA07029.10x.short	TPMT
NA07055.10x.short	CYP2C19
NA07055.10x.short	CYP2C8
NA07055.10x.short	CYP2C9
NA07055.10x.short	CYP2D6
NA07055.10x.short	CYP4F2
NA07055.10x.short	SLCO1B1
NA07055.10x.short	TPMT
NA07056.10x.short	CYP2C19
NA07056.10x.short	CYP2C8
NA07056.10x.short	CYP2C9
NA07056.10x.short	CYP2D6
NA07056.10x.short	CYP4F2
NA07056.10x.short	SLCO1B1
NA07056.10x.short	TPMT
NA07348.10x.short	CYP2C19
NA07348.10x.short	CYP2C8
NA07348.10x.short	CYP2C9
NA07348.10x.short	CYP2D6
NA07348.10x.short	CYP4F2
NA07348.10x.short	SLCO1B1
NA07348.10x.short	TPMT
NA07357.10x.short	CYP2C19
NA07357.10x.short	CYP2C8
NA07357.10x.short	CYP2C9
NA07357.10x.short	CYP2D6
NA07357.10x.short	CYP4F2
NA07357.10x.short	SLCO1B1
NA07357.10x.short	TPMT
NA07439.10x.short	CYP2C19
NA07439.10x.short	CYP2C8
NA07439.10x.short	CYP2C9
NA07439.10x.short	CYP2D6
NA07439.10x.short	CYP4F2
NA07439.10x.short	SLCO1B1
NA07439.10x.short	TPMT
NA10831.10x.short	CYP2C19
NA10831.10x.short	CYP2C8
NA10831.10x.short	CYP2C9
NA10831.10x.short	CYP2D6
NA10831.10x.short	CYP4F2
NA10831.10x.short	SLCO1B1
NA10831.10x.short	TPMT
NA10847.10x.short	CYP2C19
NA10847.10x.short	CYP2C8
NA10847.10x.short	CYP2C9
NA10847.10x.short	CYP2D6
NA10847.10x.short	CYP4F2
NA10847.10x.short	SLCO1B1
NA10847.10x.short	TPMT
NA10851.10x.short	CYP2C19
NA10851.10x.short	CYP2C8
NA10851.10x.short	CYP2C9
NA10851.10x.short	CYP2D6
NA10851.10x.short	CYP4F2
NA10851.10x.short	SLCO1B1
NA10851.10x.short	TPMT
NA10854.10x.short	CYP2C19
NA10854.10x.short	CYP2C8
NA10854.10x.short	CYP2C9
NA10854.10x.short	CYP2D6
NA10854.10x.short	CYP4F2
NA10854.10x.short	SLCO1B1
NA10854.10x.short	TPMT
NA11832.10x.short	CYP2C19
NA11832.10x.short	CYP2C8
NA11832.10x.short	CYP2C9
NA11832.10x.short	CYP2D6
NA11832.10x.short	CYP4F2
NA11832.10x.short	SLCO1B1
NA11832.10x.short	TPMT
NA11839.10x.short	CYP2C19
NA11839.10x.short	CYP2C8
NA11839.10x.short	CYP2C9
NA11839.10x.short	CYP2D6
NA11839.10x.short	CYP4F2
NA11839.10x.short	SLCO1B1
NA11839.10x.short	TPMT
NA11993.10x.short	CYP2C19
NA11993.10x.short	CYP2C8
NA11993.10x.short	CYP2C9
NA11993.10x.short	CYP2D6
NA11993.10x.short	CYP4F2
NA11993.10x.short	SLCO1B1
NA11993.10x.short	TPMT
NA12003.10x.short	CYP2C19
NA12003.10x.short	CYP2C8
NA12003.10x.short	CYP2C9
NA12003.10x.short	CYP2D6
NA12003.10x.short	CYP4F2
NA12003.10x.short	SLCO1B1
NA12003.10x.short	TPMT
NA12006.10x.short	CYP2C19
NA12006.10x.short	CYP2C8
NA12006.10x.short	CYP2C9
NA12006.10x.short	CYP2D6
NA12006.10x.short	CYP4F2
NA12006.10x.short	SLCO1B1
NA12006.10x.short	TPMT
NA12145.10x.short	CYP2C19
NA12145.10x.short	CYP2C8
NA12145.10x.short	CYP2C9
NA12145.10x.short	CYP2D6
NA12145.10x.short	CYP4F2
NA12145.10x.short	SLCO1B1
NA12145.10x.short	TPMT
NA12156.10x.short	CYP2C19
NA12156.10x.short	CYP2C8
NA12156.10x.short	CYP2C9
NA12156.10x.short	CYP2D6
NA12156.10x.short	CYP4F2
NA12156.10x.short	SLCO1B1
NA12156.10x.short	TPMT
NA12236.10x.short	CYP2C19
NA12236.10x.short	CYP2C8
NA12236.10x.short	CYP2C9
NA12236.10x.short	CYP2D6
NA12236.10x.short	CYP4F2
NA12236.10x.short	SLCO1B1
NA12236.10x.short	TPMT
NA12717.10x.short	CYP2C19
NA12717.10x.short	CYP2C8
NA12717.10x.short	CYP2C9
NA12717.10x.short	CYP2D6
NA12717.10x.short	CYP4F2
NA12717.10x.short	SLCO1B1
NA12717.10x.short	TPMT
NA12813.10x.short	CYP2C19
NA12813.10x.short	CYP2C8
NA12813.10x.short	CYP2C9
NA12813.10x.short	CYP2D6
NA12813.10x.short	CYP4F2
NA12813.10x.short	SLCO1B1
NA12813.10x.short	TPMT
NA12873.10x.short	CYP2C19
NA12873.10x.short	CYP2C8
NA12873.10x.short	CYP2C9
NA12873.10x.short	CYP2D6
NA12873.10x.short	CYP4F2
NA12873.10x.short	SLCO1B1
NA12873.10x.short	TPMT
NA15245.10x.short	CYP2C19
NA15245.10x.short	CYP2C8
NA15245.10x.short	CYP2C9
NA15245.10x.short	CYP2D6
NA15245.10x.short	CYP4F2
NA15245.10x.short	SLCO1B1
NA15245.10x.short	TPMT
NA17074.10x.short	CYP2C19
NA17074.10x.short	CYP2C8
NA17074.10x.short	CYP2C9
NA17074.10x.short	CYP2D6
NA17074.10x.short	CYP4F2
NA17074.10x.short	SLCO1B1
NA17074.10x.short	TPMT
NA17102.10x.short	CYP2C19
NA17102.10x.short	CYP2C8
NA17102.10x.short	CYP2C9
NA17102.10x.short	CYP2D6
NA17102.10x.short	CYP4F2
NA17102.10x.short	SLCO1B1
NA17102.10x.short	TPMT
NA17204.10x.short	CYP2C19
NA17204.10x.short	CYP2C8
NA17204.10x.short	CYP2C9
NA17204.10x.short	CYP2D6
NA17204.10x.short	CYP4F2
NA17204.10x.short	SLCO1B1
NA17204.10x.short	TPMT
NA17227.10x.short	CYP2C19
NA17227.10x.short	CYP2C8
NA17227.10x.short	CYP2C9
NA17227.10x.short	CYP2D6
NA17227.10x.short	CYP4F2
NA17227.10x.short	SLCO1B1
NA17227.10x.short	TPMT
NA17234.10x.short	CYP2C19
NA17234.10x.short	CYP2C8
NA17234.10x.short	CYP2C9
NA17234.10x.short	CYP2D6
NA17234.10x.short	CYP4F2
NA17234.10x.short	SLCO1B1
NA17234.10x.short	TPMT
NA17235.10x.short	CYP2C19
NA17235.10x.short	CYP2C8
NA17235.10x.short	CYP2C9
NA17235.10x.short	CYP2D6
NA17235.10x.short	CYP4F2
NA17235.10x.short	SLCO1B1
NA17235.10x.short	TPMT
NA17244.10x.short	CYP2C19
NA17244.10x.short	CYP2C8
NA17244.10x.short	CYP2C9
NA17244.10x.short	CYP2D6
NA17244.10x.short	CYP4F2
NA17244.10x.short	SLCO1B1
NA17244.10x.short	TPMT
NA17448.10x.short	CYP2C19
NA17448.10x.short	CYP2C8
NA17448.10x.short	CYP2C9
NA17448.10x.short	CYP2D6
NA17448.10x.short	CYP4F2
NA17448.10x.short	SLCO1B1
NA17448.10x.short	TPMT
NA17454.10x.short	CYP2C19
NA17454.10x.short	CYP2C8
NA17454.10x.short	CYP2C9
NA17454.10x.short	CYP2D6
NA17454.10x.short	CYP4F2
NA17454.10x.short	SLCO1B1
NA17454.10x.short	TPMT
NA17641.10x.short	CYP2C19
NA17641.10x.short	CYP2C8
NA17641.10x.short	CYP2C9
NA17641.10x.short	CYP2D6
NA17641.10x.short	CYP4F2
NA17641.10x.short	SLCO1B1
NA17641.10x.short	TPMT
NA17642.10x.short	CYP2C19
NA17642.10x.short	CYP2C8
NA17642.10x.short	CYP2C9
NA17642.10x.short	CYP2D6
NA17642.10x.short	CYP4F2
NA17642.10x.short	SLCO1B1
NA17642.10x.short	TPMT
NA17657.10x.short	CYP2C19
NA17657.10x.short	CYP2C8
NA17657.10x.short	CYP2C9
NA17657.10x.short	CYP2D6
NA17657.10x.short	CYP4F2
NA17657.10x.short	SLCO1B1
NA17657.10x.short	TPMT
NA17658.10x.short	CYP2C19
NA17658.10x.short	CYP2C8
NA17658.10x.short	CYP2C9
NA17658.10x.short	CYP2D6
NA17658.10x.short	CYP4F2
NA17658.10x.short	SLCO1B1
NA17658.10x.short	TPMT
NA17660.10x.short	CYP2C19
NA17660.10x.short	CYP2C8
NA17660.10x.short	CYP2C9
NA17660.10x.short	CYP2D6
NA17660.10x.short	CYP4F2
NA17660.10x.short	SLCO1B1
NA17660.10x.short	TPMT
NA17673.10x.short	CYP2C19
NA17673.10x.short	CYP2C8
NA17673.10x.short	CYP2C9
NA17673.10x.short	CYP2D6
NA17673.10x.short	CYP4F2
NA17673.10x.short	SLCO1B1
NA17673.10x.short	TPMT
NA17679.10x.short	CYP2C19
NA17679.10x.short	CYP2C8
NA17679.10x.short	CYP2C9
NA17679.10x.short	CYP2D6
NA17679.10x.short	CYP4F2
NA17679.10x.short	SLCO1B1
NA17679.10x.short	TPMT
NA17702.10x.short	CYP2C19
NA17702.10x.short	CYP2C8
NA17702.10x.short	CYP2C9
NA17702.10x.short	CYP2D6
NA17702.10x.short	CYP4F2
NA17702.10x.short	SLCO1B1
NA17702.10x.short	TPMT
NA18484.10x.short	CYP2C19
NA18484.10x.short	CYP2C8
NA18484.10x.short	CYP2C9
NA18484.10x.short	CYP2D6
NA18484.10x.short	CYP4F2
NA18484.10x.short	SLCO1B1
NA18484.10x.short	TPMT
NA18509.10x.short	CYP2C19
NA18509.10x.short	CYP2C8
NA18509.10x.short	CYP2C9
NA18509.10x.short	CYP2D6
NA18509.10x.short	CYP4F2
NA18509.10x.short	SLCO1B1
NA18509.10x.short	TPMT
NA18518.10x.short	CYP2C19
NA18518.10x.short	CYP2C8
NA18518.10x.short	CYP2C9
NA18518.10x.short	CYP2D6
NA18518.10x.short	CYP4F2
NA18518.10x.short	SLCO1B1
NA18518.10x.short	TPMT
NA18519.10x.short	CYP2C19
NA18519.10x.short	CYP2C8
NA18519.10x.short	CYP2C9
NA18519.10x.short	CYP2D6
NA18519.10x.short	CYP4F2
NA18519.10x.short	SLCO1B1
NA18519.10x.short	TPMT
NA18524.10x.short	CYP2C19
NA18524.10x.short	CYP2C8
NA18524.10x.short	CYP2C9
NA18524.10x.short	CYP2D6
NA18524.10x.short	CYP4F2
NA18524.10x.short	SLCO1B1
NA18524.10x.short	TPMT
NA18526.10x.short	CYP2C19
NA18526.10x.short	CYP2C8
NA18526.10x.short	CYP2C9
NA18526.10x.short	CYP2D6
NA18526.10x.short	CYP4F2
NA18526.10x.short	SLCO1B1
NA18526.10x.short	TPMT
NA18540.10x.short	CYP2C19
NA18540.10x.short	CYP2C8
NA18540.10x.short	CYP2C9
NA18540.10x.short	CYP2D6
NA18540.10x.short	CYP4F2
NA18540.10x.short	SLCO1B1
NA18540.10x.short	TPMT
NA18544.10x.short	CYP2C19
NA18544.10x.short	CYP2C8
NA18544.10x.short	CYP2C9
NA18544.10x.short	CYP2D6
NA18544.10x.short	CYP4F2
NA18544.10x.short	SLCO1B1
NA18544.10x.short	TPMT
NA18552.10x.short	CYP2C19
NA18552.10x.short	CYP2C8
NA18552.10x.short	CYP2C9
NA18552.10x.short	CYP2D6
NA18552.10x.short	CYP4F2
NA18552.10x.short	SLCO1B1
NA18552.10x.short	TPMT
NA18564.10x.short	CYP2C19
NA18564.10x.short	CYP2C8
NA18564.10x.short	CYP2C9
NA18564.10x.short	CYP2D6
NA18564.10x.short	CYP4F2
NA18564.10x.short	SLCO1B1
NA18564.10x.short	TPMT
NA18565.10x.short	CYP2C19
NA18565.10x.short	CYP2C8
NA18565.10x.short	CYP2C9
NA18565.10x.short	CYP2D6
NA18565.10x.short	CYP4F2
NA18565.10x.short	SLCO1B1
NA18565.10x.short	TPMT
NA18617.10x.short	CYP2C19
NA18617.10x.short	CYP2C8
NA18617.10x.short	CYP2C9
NA18617.10x.short	CYP2D6
NA18617.10x.short	CYP4F2
NA18617.10x.short	SLCO1B1
NA18617.10x.short	TPMT
NA18855.10x.short	CYP2C19
NA18855.10x.short	CYP2C8
NA18855.10x.short	CYP2C9
NA18855.10x.short	CYP2D6
NA18855.10x.short	CYP4F2
NA18855.10x.short	SLCO1B1
NA18855.10x.short	TPMT
NA18861.10x.short	CYP2C19
NA18861.10x.short	CYP2C8
NA18861.10x.short	CYP2C9
NA18861.10x.short	CYP2D6
NA18861.10x.short	CYP4F2
NA18861.10x.short	SLCO1B1
NA18861.10x.short	TPMT
NA18868.10x.short	CYP2C19
NA18868.10x.short	CYP2C8
NA18868.10x.short	CYP2C9
NA18868.10x.short	CYP2D6
NA18868.10x.short	CYP4F2
NA18868.10x.short	SLCO1B1
NA18868.10x.short	TPMT
NA18942.10x.short	CYP2C19
NA18942.10x.short	CYP2C8
NA18942.10x.short	CYP2C9
NA18942.10x.short	CYP2D6
NA18942.10x.short	CYP4F2
NA18942.10x.short	SLCO1B1
NA18942.10x.short	TPMT
NA18952.10x.short	CYP2C19
NA18952.10x.short	CYP2C8
NA18952.10x.short	CYP2C9
NA18952.10x.short	CYP2D6
NA18952.10x.short	CYP4F2
NA18952.10x.short	SLCO1B1
NA18952.10x.short	TPMT
NA18959.10x.short	CYP2C19
NA18959.10x.short	CYP2C8
NA18959.10x.short	CYP2C9
NA18959.10x.short	CYP2D6
NA18959.10x.short	CYP4F2
NA18959.10x.short	SLCO1B1
NA18959.10x.short	TPMT
NA18966.10x.short	CYP2C19
NA18966.10x.short	CYP2C8
NA18966.10x.short	CYP2C9
NA18966.10x.short	CYP2D6
NA18966.10x.short	CYP4F2
NA18966.10x.short	SLCO1B1
NA18966.10x.short	TPMT
NA18973.10x.short	CYP2C19
NA18973.10x.short	CYP2C8
NA18973.10x.short	CYP2C9
NA18973.10x.short	CYP2D6
NA18973.10x.short	CYP4F2
NA18973.10x.short	SLCO1B1
NA18973.10x.short	TPMT
NA18980.10x.short	CYP2C19
NA18980.10x.short	CYP2C8
NA18980.10x.short	CYP2C9
NA18980.10x.short	CYP2D6
NA18980.10x.short	CYP4F2
NA18980.10x.short	SLCO1B1
NA18980.10x.short	TPMT
NA18992.10x.short	CYP2C19
NA18992.10x.short	CYP2C8
NA18992.10x.short	CYP2C9
NA18992.10x.short	CYP2D6
NA18992.10x.short	CYP4F2
NA18992.10x.short	SLCO1B1
NA18992.10x.short	TPMT
NA19003.10x.short	CYP2C19
NA19003.10x.short	CYP2C8
NA19003.10x.short	CYP2C9
NA19003.10x.short	CYP2D6
NA19003.10x.short	CYP4F2
NA19003.10x.short	SLCO1B1
NA19003.10x.short	TPMT
NA19007.10x.short	CYP2C19
NA19007.10x.short	CYP2C8
NA19007.10x.short	CYP2C9
NA19007.10x.short	CYP2D6
NA19007.10x.short	CYP4F2
NA19007.10x.short	SLCO1B1
NA19007.10x.short	TPMT
NA19095.10x.short	CYP2C19
NA19095.10x.short	CYP2C8
NA19095.10x.short	CYP2C9
NA19095.10x.short	CYP2D6
NA19095.10x.short	CYP4F2
NA19095.10x.short	SLCO1B1
NA19095.10x.short	TPMT
NA19109.10x.short	CYP2C19
NA19109.10x.short	CYP2C8
NA19109.10x.short	CYP2C9
NA19109.10x.short	CYP2D6
NA19109.10x.short	CYP4F2
NA19109.10x.short	SLCO1B1
NA19109.10x.short	TPMT
NA19122.10x.short	CYP2C19
NA19122.10x.short	CYP2C8
NA19122.10x.short	CYP2C9
NA19122.10x.short	CYP2D6
NA19122.10x.short	CYP4F2
NA19122.10x.short	SLCO1B1
NA19122.10x.short	TPMT
NA19143.10x.short	CYP2C19
NA19143.10x.short	CYP2C8
NA19143.10x.short	CYP2C9
NA19143.10x.short	CYP2D6
NA19143.10x.short	CYP4F2
NA19143.10x.short	SLCO1B1
NA19143.10x.short	TPMT
NA19147.10x.short	CYP2C19
NA19147.10x.short	CYP2C8
NA19147.10x.short	CYP2C9
NA19147.10x.short	CYP2D6
NA19147.10x.short	CYP4F2
NA19147.10x.short	SLCO1B1
NA19147.10x.short	TPMT
NA19174.10x.short	CYP2C19
NA19174.10x.short	CYP2C8
NA19174.10x.short	CYP2C9
NA19174.10x.short	CYP2D6
NA19174.10x.short	CYP4F2
NA19174.10x.short	SLCO1B1
NA19174.10x.short	TPMT
NA19176.10x.short	CYP2C19
NA19176.10x.short	CYP2C8
NA19176.10x.short	CYP2C9
NA19176.10x.short	CYP2D6
NA19176.10x.short	CYP4F2
NA19176.10x.short	SLCO1B1
NA19176.10x.short	TPMT
NA19178.10x.short	CYP2C19
NA19178.10x.short	CYP2C8
NA19178.10x.short	CYP2C9
NA19178.10x.short	CYP2D6
NA19178.10x.short	CYP4F2
NA19178.10x.short	SLCO1B1
NA19178.10x.short	TPMT
NA19207.10x.short	CYP2C19
NA19207.10x.short	CYP2C8
NA19207.10x.short	CYP2C9
NA19207.10x.short	CYP2D6
NA19207.10x.short	CYP4F2
NA19207.10x.short	SLCO1B1
NA19207.10x.short	TPMT
NA19213.10x.short	CYP2C19
NA19213.10x.short	CYP2C8
NA19213.10x.short	CYP2C9
NA19213.10x.short	CYP2D6
NA19213.10x.short	CYP4F2
NA19213.10x.short	SLCO1B1
NA19213.10x.short	TPMT
NA19226.10x.short	CYP2C19
NA19226.10x.short	CYP2C8
NA19226.10x.short	CYP2C9
NA19226.10x.short	CYP2D6
NA19226.10x.short	CYP4F2
NA19226.10x.short	SLCO1B1
NA19226.10x.short	TPMT
NA19239.10x.short	CYP2C19
NA19239.10x.short	CYP2C8
NA19239.10x.short	CYP2C9
NA19239.10x.short	CYP2D6
NA19239.10x.short	CYP4F2
NA19239.10x.short	SLCO1B1
NA19239.10x.short	TPMT
NA19789.10x.short	CYP2C19
NA19789.10x.short	CYP2C8
NA19789.10x.short	CYP2C9
NA19789.10x.short	CYP2D6
NA19789.10x.short	CYP4F2
NA19789.10x.short	SLCO1B1
NA19789.10x.short	TPMT
NA19819.10x.short	CYP2C19
NA19819.10x.short	CYP2C8
NA19819.10x.short	CYP2C9
NA19819.10x.short	CYP2D6
NA19819.10x.short	CYP4F2
NA19819.10x.short	SLCO1B1
NA19819.10x.short	TPMT
NA19908.10x.short	CYP2C19
NA19908.10x.short	CYP2C8
NA19908.10x.short	CYP2C9
NA19908.10x.short	CYP2D6
NA19908.10x.short	CYP4F2
NA19908.10x.short	SLCO1B1
NA19908.10x.short	TPMT
NA19917.10x.short	CYP2C19
NA19917.10x.short	CYP2C8
NA19917.10x.short	CYP2C9
NA19917.10x.short	CYP2D6
NA19917.10x.short	CYP4F2
NA19917.10x.short	SLCO1B1
NA19917.10x.short	TPMT
NA19920.10x.short	CYP2C19
NA19920.10x.short	CYP2C8
NA19920.10x.short	CYP2C9
NA19920.10x.short	CYP2D6
NA19920.10x.short	CYP4F2
NA19920.10x.short	SLCO1B1
NA19920.10x.short	TPMT
NA20296.10x.short	CYP2C19
NA20296.10x.short	CYP2C8
NA20296.10x.short	CYP2C9
NA20296.10x.short	CYP2D6
NA20296.10x.short	CYP4F2
NA20296.10x.short	SLCO1B1
NA20296.10x.short	TPMT
NA20509.10x.short	CYP2C19
NA20509.10x.short	CYP2C8
NA20509.10x.short	CYP2C9
NA20509.10x.short	CYP2D6
NA20509.10x.short	CYP4F2
NA20509.10x.short	SLCO1B1
NA20509.10x.short	TPMT
NA21781.10x.short	CYP2C19
NA21781.10x.short	CYP2C8
NA21781.10x.short	CYP2C9
NA21781.10x.short	CYP2D6
NA21781.10x.short	CYP4F2
NA21781.10x.short	SLCO1B1
NA21781.10x.short	TPMT
NA23246.10x.short	CYP2C19
NA23246.10x.short	CYP2C8
NA23246.10x.short	CYP2C9
NA23246.10x.short	CYP2D6
NA23246.10x.short	CYP4F2
NA23246.10x.short	SLCO1B1
NA23246.10x.short	TPMT
NA23275.10x.short	CYP2C19
NA23275.10x.short	CYP2C8
NA23275.10x.short	CYP2C9
NA23275.10x.short	CYP2D6
NA23275.10x.short	CYP4F2
NA23275.10x.short	SLCO1B1
NA23275.10x.short	TPMT
NA23348.10x.short	CYP2C19
NA23348.10x.short	CYP2C8
NA23348.10x.short	CYP2C9
NA23348.10x.short	CYP2D6
NA23348.10x.short	CYP4F2
NA23348.10x.short	SLCO1B1
NA23348.10x.short	TPMT
NA23874.10x.short	CYP2C19
NA23874.10x.short	CYP2C8
NA23874.10x.short	CYP2C9
NA23874.10x.short	CYP2D6
NA23874.10x.short	CYP4F2
NA23874.10x.short	SLCO1B1
NA23874.10x.short	TPMT
NA24008.10x.short	CYP2C19
NA24008.10x.short	CYP2C8
NA24008.10x.short	CYP2C9
NA24008.10x.short	CYP2D6
NA24008.10x.short	CYP4F2
NA24008.10x.short	SLCO1B1
NA24008.10x.short	TPMT
NA24027.10x.short	CYP2C19
NA24027.10x.short	CYP2C8
NA24027.10x.short	CYP2C9
NA24027.10x.short	CYP2D6
NA24027.10x.short	CYP4F2
NA24027.10x.short	SLCO1B1
NA24027.10x.short	TPMT
